{
	"parent": "item/handheld",
	"textures": {
		"layer0": "items/wood_hoe"
	},
	"overrides": [
		{ "predicate": {"damaged": 0, "damage": 0.016666666666666666}, "model": "item/slots/fill"},
		{ "predicate": {"damaged": 0, "damage": 0.03333333333333333}, "model": "item/slots/workbench_button"},
		{ "predicate": {"damaged": 0, "damage": 0.05}, "model": "item/slots/info"},
		{ "predicate": {"damaged": 0, "damage": 0.06666666666666667}, "model": "item/slots/helmet"},
		{ "predicate": {"damaged": 0, "damage": 0.08333333333333333}, "model": "item/slots/chestplate"},
		{ "predicate": {"damaged": 0, "damage": 0.1}, "model": "item/slots/leggings"},
		{ "predicate": {"damaged": 0, "damage": 0.11666666666666667}, "model": "item/slots/boots"},
		{ "predicate": {"damaged": 0, "damage": 0.13333333333333333}, "model": "item/slots/gloves"},
		{ "predicate": {"damaged": 0, "damage": 0.15}, "model": "item/slots/weapon"},
		{ "predicate": {"damaged": 0, "damage": 0.16666666666666666}, "model": "item/slots/shield"},
		{ "predicate": {"damaged": 0, "damage": 0.18333333333333332}, "model": "item/slots/elytra"},
		{ "predicate": {"damaged": 0, "damage": 0.2}, "model": "item/slots/ring"},
		{ "predicate": {"damaged": 0, "damage": 0.21666666666666667}, "model": "item/slots/amulet"},
		{ "predicate": {"damaged": 0, "damage": 0.23333333333333334}, "model": "item/slots/pet"},
		{ "predicate": {"damaged": 0, "damage": 0.25}, "model": "item/slots/backpack"},
		{ "predicate": {"damaged": 0, "damage": 0.26666666666666666}, "model": "item/slots/artifact"},
		{ "predicate": {"damaged": 0, "damage": 0.2833333333333333}, "model": "item/slots/empty"},
		{ "predicate": {"damaged": 0, "damage": 0.3}, "model": "item/slots/buyable"},
		{ "predicate": {"damaged": 0, "damage": 0.31666666666666665}, "model": "item/slots/locked"},
		{ "predicate": {"damaged": 0, "damage": 0.3333333333333333}, "model": "item/backpacks/small"},
		{ "predicate": {"damaged": 0, "damage": 0.35}, "model": "item/backpacks/medium"},
		{ "predicate": {"damaged": 0, "damage": 0.36666666666666664}, "model": "item/backpacks/large"},
		{ "predicate": {"damaged": 0, "damage": 0.3833333333333333}, "model": "item/items/ring"},
		{ "predicate": {"damaged": 0, "damage": 0.4}, "model": "item/items/gloves"},
		{ "predicate": {"damaged": 0, "damage": 0.4166666666666667}, "model": "item/items/amulet"},
		{ "predicate": {"damaged": 0, "damage": 0.43333333333333335}, "model": "item/items/scroll"},
        { "predicate": {"damaged": 0, "damage": 0.45}, "model": "item/slots/extendable"},
		{ "predicate": {"damaged": 1, "damage": 0}, "model": "item/wood_hoe"}
	]
}