{
    "credit": "Made with Blockbench",
    "textures": {
        "scroll": "custom/scroll"
    },
    "elements": [
        {
            "from": [0, 5, 6],
            "to": [22, 16, 7],
            "faces": {
                "north": {"uv": [0, 0, 16, 11], "texture": "#scroll"},
                "east": {"uv": [0, 0, 16, 11], "texture": "#scroll"},
                "south": {"uv": [0, 0, 16, 11], "texture": "#scroll"},
                "west": {"uv": [0, 0, 16, 11], "texture": "#scroll"},
                "up": {"uv": [0, 0, 16, 11], "texture": "#scroll"},
                "down": {"uv": [0, 0, 16, 11], "texture": "#scroll"}
            }
        },
        {
            "from": [0, 21, 9],
            "to": [22, 23, 10],
            "faces": {
                "north": {"uv": [0, 0, 16, 2], "texture": "#scroll"},
                "east": {"uv": [0, 0, 16, 2], "texture": "#scroll"},
                "south": {"uv": [0, 0, 16, 2], "texture": "#scroll"},
                "west": {"uv": [0, 0, 16, 2], "texture": "#scroll"},
                "up": {"uv": [0, 0, 16, 2], "texture": "#scroll"},
                "down": {"uv": [0, 0, 16, 2], "texture": "#scroll"}
            }
        },
        {
            "from": [0, 20, 10],
            "to": [22, 22, 11],
            "faces": {
                "north": {"uv": [0, 0, 16, 2], "texture": "#scroll"},
                "east": {"uv": [0, 0, 16, 2], "texture": "#scroll"},
                "south": {"uv": [0, 0, 16, 2], "texture": "#scroll"},
                "west": {"uv": [0, 0, 16, 2], "texture": "#scroll"},
                "up": {"uv": [0, 0, 16, 2], "texture": "#scroll"},
                "down": {"uv": [0, 0, 16, 2], "texture": "#scroll"}
            }
        },
        {
            "from": [0, 18, 11],
            "to": [22, 21, 12],
            "faces": {
                "north": {"uv": [0, 0, 16, 3], "texture": "#scroll"},
                "east": {"uv": [0, 0, 16, 3], "texture": "#scroll"},
                "south": {"uv": [0, 0, 16, 3], "texture": "#scroll"},
                "west": {"uv": [0, 0, 16, 3], "texture": "#scroll"},
                "up": {"uv": [0, 0, 16, 3], "texture": "#scroll"},
                "down": {"uv": [0, 0, 16, 3], "texture": "#scroll"}
            }
        },
        {
            "from": [0, 22, 8],
            "to": [22, 23, 9],
            "faces": {
                "north": {"uv": [0, 0, 16, 1], "texture": "#scroll"},
                "east": {"uv": [0, 0, 16, 1], "texture": "#scroll"},
                "south": {"uv": [0, 0, 16, 1], "texture": "#scroll"},
                "west": {"uv": [0, 0, 16, 1], "texture": "#scroll"},
                "up": {"uv": [0, 0, 16, 1], "texture": "#scroll"},
                "down": {"uv": [0, 0, 16, 1], "texture": "#scroll"}
            }
        },
        {
            "from": [0, 21, 7],
            "to": [22, 23, 8],
            "faces": {
                "north": {"uv": [0, 0, 16, 2], "texture": "#scroll"},
                "east": {"uv": [0, 0, 16, 2], "texture": "#scroll"},
                "south": {"uv": [0, 0, 16, 2], "texture": "#scroll"},
                "west": {"uv": [0, 0, 16, 2], "texture": "#scroll"},
                "up": {"uv": [0, 0, 16, 2], "texture": "#scroll"},
                "down": {"uv": [0, 0, 16, 2], "texture": "#scroll"}
            }
        },
        {
            "from": [0, 20, 6],
            "to": [22, 22, 7],
            "faces": {
                "north": {"uv": [0, 0, 16, 2], "texture": "#scroll"},
                "east": {"uv": [0, 0, 16, 2], "texture": "#scroll"},
                "south": {"uv": [0, 0, 16, 2], "texture": "#scroll"},
                "west": {"uv": [0, 0, 16, 2], "texture": "#scroll"},
                "up": {"uv": [0, 0, 16, 2], "texture": "#scroll"},
                "down": {"uv": [0, 0, 16, 2], "texture": "#scroll"}
            }
        },
        {
            "from": [0, 17, 10],
            "to": [22, 19, 11],
            "faces": {
                "north": {"uv": [0, 0, 16, 2], "texture": "#scroll"},
                "east": {"uv": [0, 0, 16, 2], "texture": "#scroll"},
                "south": {"uv": [0, 0, 16, 2], "texture": "#scroll"},
                "west": {"uv": [0, 0, 16, 2], "texture": "#scroll"},
                "up": {"uv": [0, 0, 16, 2], "texture": "#scroll"},
                "down": {"uv": [0, 0, 16, 2], "texture": "#scroll"}
            }
        },
        {
            "from": [0, 17, 9],
            "to": [22, 18, 10],
            "faces": {
                "north": {"uv": [0, 0, 16, 1], "texture": "#scroll"},
                "east": {"uv": [0, 0, 16, 1], "texture": "#scroll"},
                "south": {"uv": [0, 0, 16, 1], "texture": "#scroll"},
                "west": {"uv": [0, 0, 16, 1], "texture": "#scroll"},
                "up": {"uv": [0, 0, 16, 1], "texture": "#scroll"},
                "down": {"uv": [0, 0, 16, 1], "texture": "#scroll"}
            }
        },
        {
            "from": [0, 17, 8],
            "to": [22, 19, 9],
            "faces": {
                "north": {"uv": [0, 0, 16, 2], "texture": "#scroll"},
                "east": {"uv": [0, 0, 16, 2], "texture": "#scroll"},
                "south": {"uv": [0, 0, 16, 2], "texture": "#scroll"},
                "west": {"uv": [0, 0, 16, 2], "texture": "#scroll"},
                "up": {"uv": [0, 0, 16, 2], "texture": "#scroll"},
                "down": {"uv": [0, 0, 16, 2], "texture": "#scroll"}
            }
        },
        {
            "from": [0, 0, 1],
            "to": [22, 3, 2],
            "faces": {
                "north": {"uv": [0, 0, 16, 3], "texture": "#scroll", "rotation": 180},
                "east": {"uv": [0, 0, 16, 3], "texture": "#scroll", "rotation": 180},
                "south": {"uv": [0, 0, 16, 3], "texture": "#scroll", "rotation": 180},
                "west": {"uv": [0, 0, 16, 3], "texture": "#scroll", "rotation": 180},
                "up": {"uv": [0, 0, 16, 3], "texture": "#scroll", "rotation": 180},
                "down": {"uv": [0, 0, 16, 3], "texture": "#scroll", "rotation": 180}
            }
        },
        {
            "from": [0, -1, 2],
            "to": [22, 1, 3],
            "faces": {
                "north": {"uv": [0, 0, 16, 2], "texture": "#scroll", "rotation": 180},
                "east": {"uv": [0, 0, 16, 2], "texture": "#scroll", "rotation": 180},
                "south": {"uv": [0, 0, 16, 2], "texture": "#scroll", "rotation": 180},
                "west": {"uv": [0, 0, 16, 2], "texture": "#scroll", "rotation": 180},
                "up": {"uv": [0, 0, 16, 2], "texture": "#scroll", "rotation": 180},
                "down": {"uv": [0, 0, 16, 2], "texture": "#scroll", "rotation": 180}
            }
        },
        {
            "from": [0, -2, 3],
            "to": [22, 0, 4],
            "faces": {
                "north": {"uv": [0, 0, 16, 2], "texture": "#scroll", "rotation": 180},
                "east": {"uv": [0, 0, 16, 2], "texture": "#scroll", "rotation": 180},
                "south": {"uv": [0, 0, 16, 2], "texture": "#scroll", "rotation": 180},
                "west": {"uv": [0, 0, 16, 2], "texture": "#scroll", "rotation": 180},
                "up": {"uv": [0, 0, 16, 2], "texture": "#scroll", "rotation": 180},
                "down": {"uv": [0, 0, 16, 2], "texture": "#scroll", "rotation": 180}
            }
        },
        {
            "from": [0, -2, 4],
            "to": [22, -1, 5],
            "faces": {
                "north": {"uv": [0, 0, 16, 1], "texture": "#scroll", "rotation": 180},
                "east": {"uv": [0, 0, 16, 1], "texture": "#scroll", "rotation": 180},
                "south": {"uv": [0, 0, 16, 1], "texture": "#scroll", "rotation": 180},
                "west": {"uv": [0, 0, 16, 1], "texture": "#scroll", "rotation": 180},
                "up": {"uv": [0, 0, 16, 1], "texture": "#scroll", "rotation": 180},
                "down": {"uv": [0, 0, 16, 1], "texture": "#scroll", "rotation": 180}
            }
        },
        {
            "from": [0, -2, 5],
            "to": [22, 0, 6],
            "faces": {
                "north": {"uv": [0, 0, 16, 2], "texture": "#scroll", "rotation": 180},
                "east": {"uv": [0, 0, 16, 2], "texture": "#scroll", "rotation": 180},
                "south": {"uv": [0, 0, 16, 2], "texture": "#scroll", "rotation": 180},
                "west": {"uv": [0, 0, 16, 2], "texture": "#scroll", "rotation": 180},
                "up": {"uv": [0, 0, 16, 2], "texture": "#scroll", "rotation": 180},
                "down": {"uv": [0, 0, 16, 2], "texture": "#scroll", "rotation": 180}
            }
        },
        {
            "from": [0, 0, 7],
            "to": [22, 6, 8],
            "faces": {
                "north": {"uv": [0, 0, 16, 6], "texture": "#scroll", "rotation": 180},
                "east": {"uv": [0, 0, 16, 6], "texture": "#scroll", "rotation": 180},
                "south": {"uv": [0, 0, 16, 6], "texture": "#scroll", "rotation": 180},
                "west": {"uv": [0, 0, 16, 6], "texture": "#scroll", "rotation": 180},
                "up": {"uv": [0, 0, 16, 6], "texture": "#scroll", "rotation": 180},
                "down": {"uv": [0, 0, 16, 6], "texture": "#scroll", "rotation": 180}
            }
        },
        {
            "from": [0, 2, 4],
            "to": [22, 4, 5],
            "faces": {
                "north": {"uv": [0, 0, 16, 2], "texture": "#scroll", "rotation": 180},
                "east": {"uv": [0, 0, 16, 2], "texture": "#scroll", "rotation": 180},
                "south": {"uv": [0, 0, 16, 2], "texture": "#scroll", "rotation": 180},
                "west": {"uv": [0, 0, 16, 2], "texture": "#scroll", "rotation": 180},
                "up": {"uv": [0, 0, 16, 2], "texture": "#scroll", "rotation": 180},
                "down": {"uv": [0, 0, 16, 2], "texture": "#scroll", "rotation": 180}
            }
        },
        {
            "from": [0, 3, 3],
            "to": [22, 4, 4],
            "faces": {
                "north": {"uv": [0, 0, 16, 1], "texture": "#scroll", "rotation": 180},
                "east": {"uv": [0, 0, 16, 1], "texture": "#scroll", "rotation": 180},
                "south": {"uv": [0, 0, 16, 1], "texture": "#scroll", "rotation": 180},
                "west": {"uv": [0, 0, 16, 1], "texture": "#scroll", "rotation": 180},
                "up": {"uv": [0, 0, 16, 1], "texture": "#scroll", "rotation": 180},
                "down": {"uv": [0, 0, 16, 1], "texture": "#scroll", "rotation": 180}
            }
        },
        {
            "from": [0, 2, 2],
            "to": [22, 4, 3],
            "faces": {
                "north": {"uv": [0, 0, 16, 2], "texture": "#scroll", "rotation": 180},
                "east": {"uv": [0, 0, 16, 2], "texture": "#scroll", "rotation": 180},
                "south": {"uv": [0, 0, 16, 2], "texture": "#scroll", "rotation": 180},
                "west": {"uv": [0, 0, 16, 2], "texture": "#scroll", "rotation": 180},
                "up": {"uv": [0, 0, 16, 2], "texture": "#scroll", "rotation": 180},
                "down": {"uv": [0, 0, 16, 2], "texture": "#scroll", "rotation": 180}
            }
        },
        {
            "from": [0, -1, 6],
            "to": [22, 1, 7],
            "faces": {
                "north": {"uv": [0, 0, 16, 2], "texture": "#scroll", "rotation": 180},
                "east": {"uv": [0, 0, 16, 2], "texture": "#scroll", "rotation": 180},
                "south": {"uv": [0, 0, 16, 2], "texture": "#scroll", "rotation": 180},
                "west": {"uv": [0, 0, 16, 2], "texture": "#scroll", "rotation": 180},
                "up": {"uv": [0, 0, 16, 2], "texture": "#scroll", "rotation": 180},
                "down": {"uv": [0, 0, 16, 2], "texture": "#scroll", "rotation": 180}
            }
        },
        {
            "from": [0, 15, 5],
            "to": [22, 21, 6],
            "faces": {
                "north": {"uv": [0, 0, 16, 6], "texture": "#scroll"},
                "east": {"uv": [0, 0, 16, 6], "texture": "#scroll"},
                "south": {"uv": [0, 0, 16, 6], "texture": "#scroll"},
                "west": {"uv": [0, 0, 16, 6], "texture": "#scroll"},
                "up": {"uv": [0, 0, 16, 6], "texture": "#scroll"},
                "down": {"uv": [0, 0, 16, 6], "texture": "#scroll"}
            }
        }
    ],
    "display": {
        "thirdperson_righthand": {
            "scale": [0.4, 0.4, 0.4],
            "translation": [-3, 2, 1.5],
            "rotation": [0, 180, 0]
        },
        "thirdperson_lefthand": {
            "scale": [0.4, 0.4, 0.4],
            "translation": [-5.5, 2, 1.5],
            "rotation": [0, 180, 0]
        },
        "firstperson_righthand": {
            "scale": [0.4, 0.4, 0.4],
            "translation": [6, -1.5, -4.5],
            "rotation": [-25, 127, -1]
        },
        "firstperson_lefthand": {
            "scale": [0.4, 0.4, 0.4],
            "rotation": [-25, 127, -1],
            "translation": [3, -1.5, -4.5]
        },
        "head": {
            "translation": [-3, 0, 0]
        },
        "ground": {
            "scale": [0.4, 0.4, 0.4],
            "rotation": [75, 0, 0],
            "translation": [-1, 2.5, -0.5]
        },
        "fixed": {
            "translation": [-2.5, -2.5, 0]
        },
        "gui": {
            "translation": [1, -1, 0],
            "rotation": [35, 143, 0],
            "scale": [0.39, 0.39, 0.39]
        }
    }
}